,City,Lat,Lng,Max Temp,Humidity,Cloudiness,Wind Speed,Country,Date
0,Jamestown,42.097,-79.2353,45.0,75,75,21.85,US,1619797843
1,Hobart,-42.8794,147.3294,51.8,82,2,5.75,AU,1619797935
2,Punta Arenas,-53.15,-70.9167,41.0,93,75,9.22,CL,1619798059
3,Albany,42.6001,-73.9662,55.0,69,100,1.99,US,1619798060
4,Ribeira Grande,38.5167,-28.7,62.6,63,40,8.05,PT,1619798062
5,Dikson,73.5069,80.5464,8.8,95,89,8.81,RU,1619798063
6,Fortuna,40.5982,-124.1573,55.99,100,1,5.75,US,1619797737
7,Marion,39.7684,-86.1555,66.99,45,20,20.71,US,1619797996
8,Rikitea,-23.1203,-134.9692,78.8,74,49,19.1,PF,1619797679
9,Bengkulu,-3.8004,102.2655,77.67,87,100,5.48,ID,1619797531
10,Moussoro,13.6408,16.4901,103.98,4,0,7.11,TD,1619798064
11,Pudozh,61.8099,36.5345,43.2,50,8,1.77,RU,1619798065
12,Torbay,47.6666,-52.7314,50.0,57,75,12.66,CA,1619798065
13,Coyhaique,-45.5752,-72.0662,55.4,88,75,6.91,CL,1619798066
14,Hermanus,-34.4187,19.2345,63.0,59,3,7.58,ZA,1619798066
15,Cayenne,4.9333,-52.3333,82.4,78,75,5.75,GF,1619798067
16,Samarai,-10.6167,150.6667,79.48,78,53,8.16,PG,1619798067
17,Busselton,-33.65,115.3333,51.01,97,88,3.67,AU,1619798068
18,Zhangaözen,43.3,52.8,68.36,28,85,12.01,KZ,1619798068
19,Ushuaia,-54.8,-68.3,41.0,87,40,2.01,AR,1619798069
20,Cidreira,-30.1811,-50.2056,71.76,62,0,12.75,BR,1619798069
21,Nishihara,26.1842,127.7558,71.6,78,75,8.05,JP,1619798070
22,Saint George,37.1041,-113.5841,72.0,22,1,5.75,US,1619797896
23,Ponta do Sol,32.6667,-17.1,66.2,48,20,11.5,PT,1619798070
24,Boyuibe,-20.4167,-63.2833,68.0,60,0,6.89,BO,1619798070
25,Pisco,-13.7,-76.2167,71.01,78,8,8.05,PE,1619798071
26,Lompoc,34.6391,-120.4579,53.6,100,90,4.61,US,1619798072
27,Bluff,-46.6,168.3333,42.01,93,52,4.0,NZ,1619798072
28,Quixadá,-4.9714,-39.0153,86.65,51,100,8.77,BR,1619798072
29,Puerto Ayora,-0.7393,-90.3518,78.8,78,75,11.5,EC,1619798073
30,São Filipe,14.8961,-24.4956,73.47,75,88,16.82,CV,1619798073
31,Saint Paul Harbor,57.79,-152.4072,39.2,70,1,3.44,US,1619798074
32,Nurota,40.5614,65.6886,71.6,49,73,13.8,UZ,1619798074
33,Atuona,-9.8,-139.0333,78.69,71,21,5.35,PF,1619798075
34,Hailar,49.2,119.7,38.03,72,100,2.89,CN,1619798075
35,Swellendam,-34.0226,20.4417,64.4,42,1,9.22,ZA,1619798076
36,Christchurch,-43.5333,172.6333,51.01,87,75,4.61,NZ,1619798076
37,Vaini,-21.2,-175.2,75.2,94,90,8.05,TO,1619798077
38,Castro,-24.7911,-50.0119,67.23,52,28,10.98,BR,1619798077
39,Deputatsky,69.3,139.9,18.18,96,100,1.57,RU,1619798077
40,Bredasdorp,-34.5322,20.0403,64.4,42,43,9.22,ZA,1619798078
41,Kumul,42.8,93.45,76.57,12,0,3.31,CN,1619798078
42,Kapaa,22.0752,-159.319,71.6,83,90,13.8,US,1619797788
43,Port Alfred,-33.5906,26.891,63.0,74,52,15.75,ZA,1619798079
44,Hithadhoo,-0.6,73.0833,84.09,73,37,7.65,MV,1619798079
45,Ocosingo,17.0667,-92.25,82.4,78,75,1.28,MX,1619798080
46,Ilave,-16.0833,-69.6667,52.43,40,0,6.35,PE,1619798080
47,Halifax,44.6453,-63.5724,46.99,93,90,19.57,CA,1619797881
48,Saint-Philippe,-21.3585,55.7679,77.0,83,0,4.61,RE,1619798081
49,Northam,51.0333,-4.2167,51.01,36,19,1.01,GB,1619798081
50,Vila Velha,-20.3297,-40.2925,78.8,61,40,17.27,BR,1619797893
51,Eyl,7.9803,49.8164,84.79,69,76,10.25,SO,1619798082
52,Cascais,38.6979,-9.4215,63.0,55,40,16.11,PT,1619798082
53,Moose Factory,51.2585,-80.6094,30.2,74,75,23.02,CA,1619797934
54,Brae,60.3964,-1.353,44.6,70,40,5.75,GB,1619798083
55,Lorengau,-2.0226,147.2712,80.38,78,95,2.44,PG,1619798083
56,Airai,-8.9266,125.4092,58.17,88,100,2.48,TL,1619798083
57,Bay Roberts,47.5999,-53.2648,50.0,57,75,12.66,CA,1619798084
58,Lakatoro,-16.0999,167.4164,78.22,80,72,10.56,VU,1619798084
59,Udachny,66.4167,112.4,28.42,99,100,3.09,RU,1619798085
60,Culpeper,38.5004,-77.9664,71.01,30,40,18.41,US,1619798085
61,Rio Grande,-32.035,-52.0986,73.99,64,20,13.8,BR,1619798086
62,Luleå,65.5842,22.1547,37.4,38,0,16.11,SE,1619798086
63,Saskylakh,71.9167,114.0833,32.56,87,100,9.33,RU,1619798087
64,Santa Cruz de Barahona,18.2085,-71.1008,84.2,65,40,13.8,DO,1619798087
65,Ofakim,31.3141,34.6203,81.0,45,0,13.62,IL,1619798088
66,Yellowknife,62.456,-114.3525,28.0,93,90,17.27,CA,1619798088
67,Husavik,66.0449,-17.3389,35.6,87,75,12.66,IS,1619797901
68,Carnarvon,-24.8667,113.6333,69.8,78,83,13.8,AU,1619798089
69,General Pico,-35.6566,-63.7568,67.98,50,0,17.11,AR,1619798089
70,Mataura,-46.1927,168.8643,42.01,93,58,4.0,NZ,1619798089
71,Vila,42.0304,-8.1588,55.99,55,27,3.0,PT,1619798090
72,Vostok,46.4856,135.8833,33.85,82,2,2.44,RU,1619798091
73,Butaritari,3.0707,172.7902,82.56,75,80,10.65,KI,1619798091
74,Barrow,71.2906,-156.7887,19.4,86,90,4.61,US,1619798092
75,Arco,45.9177,10.8867,69.01,100,90,20.71,IT,1619798092
76,Kaitangata,-46.2817,169.8464,45.0,72,39,4.0,NZ,1619798093
77,Kenai,60.5544,-151.2583,35.6,80,90,4.61,US,1619798094
78,Tuktoyaktuk,69.4541,-133.0374,12.2,79,20,9.22,CA,1619798094
79,Thompson,55.7435,-97.8558,35.6,48,40,4.61,CA,1619798095
80,Bac Lieu,9.285,105.7244,84.07,72,12,7.23,VN,1619798096
81,Safranbolu,41.2508,32.6942,69.8,46,0,4.61,TR,1619798096
82,Tiksi,71.6872,128.8694,28.42,85,93,4.5,RU,1619798097
83,Bathsheba,13.2167,-59.5167,82.4,57,40,17.27,BB,1619798097
84,Langham,52.3668,-106.9679,57.99,32,75,14.97,CA,1619798098
85,Humaitá,-7.5061,-63.0208,82.76,73,94,3.83,BR,1619798099
86,Nikolskoye,59.7035,30.7861,48.2,37,0,17.9,RU,1619798099
87,Bowen,-20.0167,148.2333,62.6,94,15,5.75,AU,1619797930
88,Avarua,-21.2078,-159.775,77.0,100,75,1.14,CK,1619798100
89,St. George's,12.0564,-61.7485,82.4,74,75,18.41,GD,1619798100
90,Leh,34.1667,77.5833,43.25,36,58,2.66,IN,1619798101
91,Faanui,-16.4833,-151.75,78.71,80,96,6.78,PF,1619798102
92,Qaanaaq,77.484,-69.3632,32.34,64,53,7.07,GL,1619798104
93,Omboué,-1.5746,9.2618,83.19,74,100,6.85,GA,1619798104
94,Artyom,40.4723,50.333,59.0,82,0,6.91,AZ,1619798105
95,Banda Aceh,5.5577,95.3222,80.78,78,100,3.15,ID,1619798104
96,Baruun-Urt,46.6806,113.2792,34.38,53,29,12.62,MN,1619798106
97,Bariloche,-41.1456,-71.3082,59.0,58,40,6.91,AR,1619797957
98,Sobolevo,54.4299,31.8996,50.79,90,100,11.3,RU,1619798106
99,Guerrero Negro,27.9769,-114.0611,73.87,44,0,8.32,MX,1619798109
100,Purpe,64.4803,76.6897,32.0,93,100,18.48,RU,1619798109
101,Nabire,-3.3667,135.4833,75.85,89,89,3.51,ID,1619798107
102,Half Moon Bay,37.4636,-122.4286,59.0,93,90,8.05,US,1619798110
103,Caçu,-18.5567,-51.1308,87.84,26,77,5.64,BR,1619798110
104,Tiznit Province,29.5833,-9.5,58.89,64,65,16.46,MA,1619798111
105,Tuatapere,-46.1333,167.6833,42.01,93,49,4.0,NZ,1619798111
106,Baykit,61.67,96.37,35.15,98,100,3.67,RU,1619798036
107,Provideniya,64.3833,-173.3,26.22,74,98,2.62,RU,1619798112
108,Alassio,44.0039,8.1671,62.6,94,40,11.5,IT,1619798112
109,Meulaboh,4.1363,96.1285,78.94,85,89,3.87,ID,1619798113
110,Takoradze,4.8845,-1.7554,86.04,62,76,10.67,GH,1619798114
111,Boguchany,58.3814,97.4531,30.36,97,48,3.31,RU,1619798114
112,Itarema,-2.9248,-39.9167,86.95,59,88,9.51,BR,1619798115
113,Sechura,-5.5569,-80.8222,76.17,63,58,8.88,PE,1619798116
114,Cape Town,-33.9258,18.4232,64.4,52,0,19.57,ZA,1619798116
115,Stornoway,58.2093,-6.3865,48.0,71,20,14.97,GB,1619798117
116,Sulangan,11.1373,123.7228,82.94,75,52,9.8,PH,1619798117
117,La Ronge,55.1001,-105.2842,35.6,75,100,9.22,CA,1619798118
118,Saldanha,-33.0117,17.9442,66.2,45,0,17.27,ZA,1619798118
119,Moree,-29.4667,149.85,59.0,72,23,8.05,AU,1619798119
120,Maniitsoq,65.4167,-52.9,36.1,67,11,5.41,GL,1619797909
121,Zeya,53.75,127.2667,34.48,75,100,4.05,RU,1619798120
122,Port Elizabeth,-33.918,25.5701,64.4,59,0,19.57,ZA,1619798120
123,Sinop Province,41.7711,34.8709,57.9,72,94,1.32,TR,1619798121
124,Kruisfontein,-34.0033,24.7314,62.01,61,0,3.0,ZA,1619797960
125,Naze,28.3667,129.4833,65.43,75,100,14.76,JP,1619798121
126,Kalevala,65.2,31.1667,32.09,65,100,7.61,RU,1619798122
127,Ponta Delgada,37.7333,-25.6667,60.8,72,75,14.97,PT,1619798123
128,Arraial do Cabo,-22.9661,-42.0278,77.0,69,40,9.22,BR,1619798124
129,Chapais,49.7834,-74.8492,57.2,44,90,6.91,CA,1619798124
130,Varzob,38.7737,68.8178,71.6,56,75,6.71,TJ,1619798125
131,Mar del Plata,-38.0023,-57.5575,68.0,68,0,18.41,AR,1619798125
132,Ahipara,-35.1667,173.1667,59.16,84,100,8.23,NZ,1619798126
133,Hilo,19.7297,-155.09,71.6,83,90,5.75,US,1619797916
134,Komsomolets,53.7453,62.0708,47.1,44,57,6.53,KZ,1619798126
135,Rio Claro,-22.4114,-47.5614,77.0,53,0,3.44,BR,1619798127
136,Ancud,-41.8697,-73.8203,55.99,100,90,12.66,CL,1619797942
137,Kindu,-2.95,25.95,72.36,97,100,1.99,CD,1619798047
138,Valparaíso,-33.0393,-71.6273,62.6,72,75,4.61,CL,1619798128
139,Bethel,41.3712,-73.414,61.0,48,90,16.11,US,1619798128
140,George Town,5.4112,100.3354,77.0,94,40,6.91,MY,1619797901
141,Khandyga,62.6667,135.6,29.17,99,100,1.23,RU,1619798129
142,Kabelvåg,68.2114,14.4817,37.4,52,75,6.91,NO,1619798129
143,Clyde River,70.4692,-68.5914,21.2,100,90,3.44,CA,1619798088
144,Aguada de Pasajeros,22.385,-80.8508,87.8,55,20,4.61,CU,1619798130
145,Dulce Nombre de Culmí,15.1,-85.5333,84.43,49,28,4.7,HN,1619798131
146,Hong Kong,22.2855,114.1577,78.01,81,83,3.83,HK,1619798131
147,Khovd,48.0056,91.6419,63.23,26,100,10.74,MN,1619798131
148,Valley City,46.9233,-98.0032,44.6,36,90,13.8,US,1619798132
149,Dunn,44.95,-91.8835,48.99,39,1,3.44,US,1619798133
150,Dingle,10.9995,122.6711,76.66,69,33,5.1,PH,1619798133
151,Cam Ranh,11.9214,109.1591,80.6,83,20,4.61,VN,1619798134
152,Zhob,31.3411,69.4481,73.4,33,66,2.51,PK,1619798134
153,Vao,-22.6667,167.4833,74.3,61,90,20.15,NC,1619798135
154,Daro,8.5185,-9.569,90.55,42,96,0.67,GN,1619798136
155,Pevek,69.7008,170.3133,10.51,97,100,9.33,RU,1619798136
156,Poronaysk,49.2167,143.1167,34.93,85,100,20.31,RU,1619798137
157,Nanortalik,60.1432,-45.2371,41.83,65,6,5.99,GL,1619798137
158,Brigantine,39.4101,-74.3646,68.0,42,75,20.71,US,1619798137
159,New Norfolk,-42.7826,147.0587,51.01,84,3,3.06,AU,1619798138
160,Chui,-33.6971,-53.4616,70.34,47,0,7.87,UY,1619798118
161,Tura,25.5198,90.2201,78.35,36,47,3.06,IN,1619798138
162,Zhigalovo,54.8097,105.1578,34.32,85,100,3.8,RU,1619798139
163,Lærdal,61.098,7.4816,46.4,29,20,8.05,NO,1619798139
164,Taoudenni,22.6783,-3.9836,93.02,24,97,12.86,ML,1619798140
165,Jumla,29.2747,82.1838,52.79,87,100,2.1,NP,1619798141
166,Nantucket,41.2835,-70.0995,62.6,67,1,19.57,US,1619798030
167,Aklavik,68.2191,-135.0107,19.4,86,100,5.75,CA,1619798141
168,Bolshaya Martynovka,47.271,41.6679,59.97,81,58,11.45,RU,1619798142
169,Dolisie,-4.1997,12.6739,78.42,89,97,3.38,CG,1619798142
170,Salta,-24.7859,-65.4117,66.0,59,20,4.61,AR,1619798143
171,Zemio,5.0314,25.1361,77.92,73,100,2.37,CF,1619798143
172,Alakurtti,66.9672,30.3491,30.99,59,100,5.99,RU,1619798144
173,Norman Wells,65.282,-126.8329,32.0,59,40,5.75,CA,1619798145
174,Scarborough,54.2797,-0.4044,48.99,74,50,4.0,GB,1619798070
175,Moctezuma,29.8,-109.6667,71.01,31,0,12.12,MX,1619798145
176,Foumban,5.7291,10.9001,79.63,50,92,5.14,CM,1619798146
177,Anamur,36.0751,32.8369,73.4,73,0,10.36,TR,1619798147
178,Kavieng,-2.5744,150.7967,81.55,76,80,4.99,PG,1619798147
179,Ürümqi,43.801,87.6005,77.0,15,0,8.95,CN,1619797931
180,Hamilton,39.1834,-84.5333,68.0,48,1,6.91,US,1619797904
181,Atyrau,47.1167,51.8833,64.4,27,0,8.95,KZ,1619798148
182,Tramore,52.1624,-7.1524,46.0,81,75,8.05,IE,1619798148
183,Omutninsk,58.67,52.1932,43.7,61,100,7.83,RU,1619798149
184,Cockburn Town,21.4612,-71.1419,78.8,69,53,12.73,TC,1619798079
185,Sungai Penuh,-2.0833,101.3833,66.2,92,100,3.69,ID,1619798150
186,Srednekolymsk,67.45,153.6833,4.86,97,28,6.53,RU,1619798150
187,Batemans Bay,-35.7167,150.1833,57.0,95,17,3.0,AU,1619798151
188,Ilhabela,-23.7781,-45.3581,74.34,60,81,6.64,BR,1619798151
189,Lebu,-37.6167,-73.65,58.55,80,100,17.02,CL,1619798152
190,San Cristobal,7.7669,-72.225,84.2,54,40,3.44,VE,1619798152
191,Petrolina,-9.3986,-40.5008,84.2,58,40,12.66,BR,1619798153
192,Conde,-7.2597,-34.9075,77.0,100,75,13.8,BR,1619798154
193,Hualmay,-11.0964,-77.6139,71.2,73,3,9.31,PE,1619797890
194,Krasnyy Chikoy,50.3643,108.7512,31.17,67,76,2.84,RU,1619798154
195,Severo-Kuril'sk,50.6789,156.125,35.13,92,100,18.03,RU,1619798155
196,Pangnirtung,66.1451,-65.7125,32.0,93,90,8.05,CA,1619798155
197,Skjervøy,70.0311,20.9714,28.4,74,75,10.36,NO,1619797983
198,Yar-Sale,66.8333,70.8333,28.08,96,89,10.74,RU,1619798156
199,Babati,-4.2167,35.75,64.78,92,100,4.52,TZ,1619798156
200,Hasaki,35.7333,140.8333,53.6,87,20,4.61,JP,1619798157
201,Kruszwica,52.6756,18.3313,48.0,76,100,5.99,PL,1619798158
202,Chokurdakh,70.6333,147.9167,-1.37,93,35,4.83,RU,1619798159
203,Tasiilaq,65.6145,-37.6368,33.8,64,20,11.5,GL,1619798159
204,Huambo,-12.7761,15.7392,68.4,72,100,4.03,AO,1619798160
205,Kloulklubed,7.0419,134.2556,77.0,94,75,4.61,PW,1619798161
206,Suntar,62.1444,117.6319,33.31,96,100,3.91,RU,1619798162
207,Ýpsonas,34.6884,32.9574,77.0,33,0,19.57,CY,1619798163
208,Carepa,7.7585,-76.6525,85.32,66,100,3.6,CO,1619798164
209,Iskandar,41.5539,69.7008,68.0,60,0,9.22,UZ,1619798164
210,Saint-Paul,-21.0096,55.2707,77.0,73,0,14.97,RE,1619798165
211,Longyearbyen,78.2186,15.6401,21.2,68,75,8.05,SJ,1619798166
212,Cherskiy,68.75,161.3,-2.36,100,98,2.17,RU,1619798166
213,Virginia Beach,36.8529,-75.978,75.2,35,20,19.57,US,1619797990
214,Bonavista,48.6499,-53.1147,51.8,62,63,5.75,CA,1619798167
215,Muncie,40.1934,-85.3864,64.4,48,90,14.97,US,1619798105
216,Kobelyaky,49.1489,34.1965,61.09,70,100,8.84,UA,1619798168
217,Ladário,-19.0047,-57.6017,80.6,50,0,4.61,BR,1619798168
218,Wau,7.7029,27.9953,87.12,42,97,4.54,SS,1619798168
219,Maragogi,-9.0122,-35.2225,82.72,69,100,11.68,BR,1619798169
220,San Patricio,28.017,-97.5169,73.99,100,90,10.36,US,1619798170
221,Ulaangom,49.9811,92.0667,55.62,35,85,4.18,MN,1619798170
222,Campbell River,50.0163,-125.2446,51.01,100,90,1.57,CA,1619798171
223,Ixtapa,20.7,-105.2,78.8,78,90,6.91,MX,1619798171
224,Jiaozuo,35.2397,113.2331,57.63,39,0,5.32,CN,1619798171
225,Linxia Chengguanzhen,35.6003,103.2064,58.46,27,0,2.93,CN,1619798172
226,Athabasca,54.7169,-113.2854,53.6,62,79,8.05,CA,1619798173
227,Natal,-5.795,-35.2094,82.4,83,75,13.8,BR,1619797910
228,Saint Anthony,45.0205,-93.218,50.0,43,1,8.05,US,1619798173
229,Prymors'k,46.7348,36.3443,55.62,84,46,4.43,UA,1619798174
230,Khatanga,71.9667,102.5,31.19,95,100,8.75,RU,1619798174
231,Ostrovnoy,68.0531,39.5131,27.88,81,100,15.39,RU,1619798175
232,Kleive,62.7954,7.6359,42.8,56,75,4.61,NO,1619798175
233,Usinsk,65.9939,57.5281,37.45,60,97,12.44,RU,1619798176
234,Vestmannaeyjar,63.4427,-20.2734,44.6,61,75,11.5,IS,1619798177
235,Kidal,18.4411,1.4078,107.22,5,0,11.36,ML,1619798178
236,Mehamn,71.0357,27.8492,30.2,86,75,35.68,NO,1619798178
237,Buraidah,26.326,43.975,93.2,18,0,10.36,SA,1619798179
238,Waddān,29.1614,16.139,103.84,5,30,15.79,LY,1619798179
239,Lagoa,39.05,-27.9833,57.88,60,9,4.54,PT,1619798180
240,Madridejos,39.4682,-3.532,64.0,42,40,9.22,ES,1619798181
241,Vadsø,70.0744,29.7487,28.4,59,20,20.71,NO,1619798181
242,Port Lincoln,-34.7333,135.8667,66.6,39,100,8.93,AU,1619798182
243,Aksu,41.1231,80.2644,74.95,9,0,6.73,CN,1619798183
244,São José da Coroa Grande,-8.8978,-35.1478,83.01,67,100,11.92,BR,1619798183
245,Rawson,-43.3002,-65.1023,71.53,24,75,11.14,AR,1619798184
246,Saryg-Sep,51.5,95.6,49.17,95,100,1.74,RU,1619798184
247,Camopi,3.1655,-52.3158,82.83,74,96,3.74,GF,1619798185
248,Måløy,61.9353,5.1136,50.0,40,20,12.66,NO,1619798185
249,Skegness,53.1436,0.3363,46.99,87,75,9.22,GB,1619798186
250,Klaksvík,62.2266,-6.589,39.2,60,75,9.22,FO,1619798186
251,Denpasar,-8.65,115.2167,80.6,94,40,2.3,ID,1619798014
252,Cabo San Lucas,22.8909,-109.9124,81.0,35,1,3.91,MX,1619798177
253,Katsuura,35.1333,140.3,60.8,88,20,9.22,JP,1619798188
254,Shitanjing,39.2342,106.3439,56.48,27,27,6.44,CN,1619798189
255,Hobyo,5.3505,48.5268,85.08,64,89,12.03,SO,1619798189
256,Chepareria,1.3077,35.2039,69.82,51,97,1.88,KE,1619798190
257,Palmer,42.1584,-72.3287,57.99,62,75,19.57,US,1619798191
258,Chodavaram,17.8333,82.95,84.2,84,20,5.75,IN,1619798191
259,Bambous Virieux,-20.3428,57.7575,78.8,78,75,13.8,MU,1619798192
260,Kualakapuas,-3.0091,114.3876,78.8,94,90,2.3,ID,1619798193
261,Berlevåg,70.8578,29.0864,26.6,86,90,23.02,NO,1619798193
262,Sangar,63.9242,127.4739,21.99,96,85,3.27,RU,1619798196
263,San Ignacio,17.1561,-89.0714,84.2,74,40,6.91,BZ,1619798196
264,Mosetse,-20.75,26.65,77.97,36,2,5.32,BW,1619798197
265,Taltal,-25.4,-70.4833,67.77,67,50,8.28,CL,1619798199
266,Araouane,18.9048,-3.5265,96.1,21,81,9.82,ML,1619798199
267,Progreso,21.2833,-89.6667,90.0,62,75,18.41,MX,1619798200
268,Sioux Lookout,50.1001,-91.917,39.2,38,1,4.61,CA,1619798200
269,Bilibino,68.0546,166.4372,-3.44,96,25,3.94,RU,1619797917
270,Bulgan,48.8125,103.5347,42.51,60,95,3.65,MN,1619798201
271,Dudinka,69.4058,86.1778,18.16,96,32,5.82,RU,1619798202
272,Gizo Government Station,-8.103,156.8419,81.28,74,44,4.63,SB,1619798202
273,Emerald,-23.5333,148.1667,62.6,94,9,5.75,AU,1619798203
274,Olafsvik,64.8945,-23.7142,38.28,65,53,22.39,IS,1619798205
275,Cassilândia,-19.1133,-51.7342,85.75,25,100,6.73,BR,1619798205
276,Kyra,49.5776,111.9753,30.87,61,16,6.42,RU,1619798206
277,Alofi,-19.0595,-169.9187,71.6,100,100,1.14,NU,1619798120
278,Kieta,-6.2167,155.6333,78.22,81,68,1.54,PG,1619798207
279,Esperance,-33.8667,121.9,48.2,93,65,4.61,AU,1619798207
280,Kondinskoye,59.6481,67.41,36.16,74,51,15.01,RU,1619798208
281,Santa Fe,-31.6333,-60.7,73.99,52,0,11.01,AR,1619798159
282,Bairiki Village,1.3292,172.9752,82.4,83,40,5.75,KI,1619798209
283,Yulara,-25.2406,130.9889,60.8,29,76,4.61,AU,1619798209
284,Upernavik,72.7868,-56.1549,34.03,76,92,6.06,GL,1619798210
285,Manta,-0.95,-80.7333,78.8,89,75,4.61,EC,1619798211
286,Boa Vista,2.8197,-60.6733,84.2,70,75,13.8,BR,1619798044
287,Los Llanos de Aridane,28.6585,-17.9182,69.8,60,40,21.85,ES,1619798211
288,Kaniama,-7.5667,24.1833,72.7,87,100,4.12,CD,1619798212
289,Sawākin,19.1059,37.3321,85.55,62,100,3.33,SD,1619798212
290,Cocachacra,-17.0883,-71.7575,71.2,65,33,7.83,PE,1619798213
291,Shingū,33.7333,135.9833,53.47,67,1,6.31,JP,1619798213
292,Saint Lawrence,36.0553,14.204,71.01,73,0,10.36,MT,1619798214
293,Litovko,49.2361,135.1742,35.85,68,7,6.53,RU,1619798214
294,Minturno,41.2576,13.7237,78.8,24,0,3.71,IT,1619798214
295,Surat Thani,9.1667,99.25,82.0,94,20,4.83,TH,1619798215
296,Iqaluit,63.7506,-68.5145,35.6,80,75,5.75,CA,1619798215
297,Roald,62.5833,6.1333,44.6,61,75,10.36,NO,1619798216
298,Brezovo,42.35,25.0833,80.6,44,40,11.5,BG,1619798216
299,Homer,59.6425,-151.5483,39.0,65,40,5.75,US,1619798217
300,Pantayivka,48.674,32.8841,62.76,63,100,10.47,UA,1619798217
301,Lagunas,-5.2269,-75.6753,81.86,57,98,6.08,PE,1619798218
302,Lexington,37.9887,-84.4777,64.99,55,1,6.91,US,1619797949
303,Tungor,53.3808,142.9564,29.88,89,100,5.97,RU,1619798218
304,Makīnsk,52.6292,70.4169,47.43,46,42,7.34,KZ,1619798218
305,Quatre Cocos,-20.2078,57.7625,78.8,78,75,13.8,MU,1619798219
306,Ukiah,39.1502,-123.2078,57.0,58,1,3.38,US,1619798219
307,Fairbanks,64.8378,-147.7164,30.2,86,90,9.22,US,1619798123
308,Kantilo,20.35,85.1833,82.4,89,40,12.66,IN,1619798220
309,Chaman,30.9236,66.4512,76.87,27,86,9.73,PK,1619798220
310,Pedernales,18.0384,-71.744,82.99,61,4,9.06,DO,1619798220
311,Balkanabat,39.5108,54.3671,78.24,39,73,9.64,TM,1619798221
312,Bardsīr,29.9227,56.5743,62.6,55,90,6.91,IR,1619798221
313,Khasan,42.4308,130.6434,40.71,86,72,4.72,RU,1619798222
314,Mossamedes,-15.1961,12.1522,78.8,73,20,17.27,AO,1619798222
315,Ilulissat,69.2167,-51.1,39.2,48,20,3.44,GL,1619798223
316,Wucheng,29.6008,118.175,68.32,81,3,4.7,CN,1619797942
317,Martapura,-3.4167,114.85,78.8,94,97,2.3,ID,1619798223
318,East London,-33.0153,27.9116,62.6,82,20,8.05,ZA,1619798224
319,Talnakh,69.4865,88.3972,19.4,84,25,3.38,RU,1619798224
320,Lao Cai,22.4833,103.95,74.1,95,27,0.94,VN,1619798224
321,Dukat,62.55,155.55,24.31,91,100,4.27,RU,1619798225
322,Ozinki,51.1786,49.6769,53.92,47,96,4.38,RU,1619798225
323,Capinzal,-27.3436,-51.6119,74.1,39,16,5.21,BR,1619798226
324,Geraldton,-28.7667,114.6,59.0,63,75,12.66,AU,1619798226
325,Santa Isabel Rio Negro,-0.4139,-65.0192,82.78,68,93,3.76,BR,1619798226
326,Bandarbeyla,9.4942,50.8122,84.7,73,29,10.11,SO,1619798227
327,Nuuk,64.1835,-51.7216,30.2,100,75,17.27,GL,1619798227
328,Chapada dos Guimarães,-15.4606,-55.7497,80.6,54,0,4.61,BR,1619798228
329,Inuvik,68.3499,-133.7218,19.4,86,100,5.75,CA,1619798228
330,Rome,43.2128,-75.4557,46.4,81,90,23.02,US,1619798228
331,Shakawe,-18.3667,21.85,80.17,38,93,6.82,BW,1619798229
332,Shambu,9.5667,37.1,55.62,82,99,4.65,ET,1619798229
333,Touros,-5.1989,-35.4608,80.6,78,75,12.66,BR,1619798230
334,Dicabisagan,17.0818,122.4157,75.43,80,57,2.46,PH,1619798230
335,Corning,42.1428,-77.0547,53.6,66,90,17.27,US,1619798231
336,Uauá,-9.8414,-39.4817,88.48,38,46,18.41,BR,1619798231
337,Lamu,-2.2717,40.902,81.54,78,79,12.41,KE,1619798232
338,Wasilla,61.5814,-149.4394,33.8,100,90,3.44,US,1619798232
339,Anloga,5.7947,0.8973,89.6,66,20,13.8,GH,1619798232
340,Misratah,32.3754,15.0925,82.81,44,99,13.24,LY,1619798233
341,Kiryat Gat,31.61,34.7642,82.0,44,1,10.69,IL,1619798040
342,Souillac,-20.5167,57.5167,78.8,78,75,13.8,MU,1619798233
343,Narsaq,60.9167,-46.05,57.2,26,20,24.16,GL,1619798234
344,Numan,9.4667,12.0333,104.72,18,95,2.28,NG,1619798235
345,Lugovskoy,56.9585,64.529,42.8,31,20,13.42,RU,1619798235
346,Dzaoudzi,-12.7887,45.2699,82.4,78,20,9.22,YT,1619798236
347,Sovetskiy,61.3614,63.5842,31.48,92,100,3.98,RU,1619798236
348,Lethem,3.3803,-59.7968,80.37,71,73,7.23,GY,1619798237
349,Gucheng,35.9115,111.3192,60.64,20,39,3.13,CN,1619798237
350,Hāflong,25.1833,93.0333,76.1,45,11,1.21,IN,1619798238
351,Zhigansk,66.7697,123.3711,31.82,84,100,0.92,RU,1619798239
352,Riverdale,33.5726,-84.4133,71.01,56,75,14.97,US,1619798240
353,Rūdbār,30.15,62.6,85.42,26,74,14.36,AF,1619798240
354,Zharkent,44.1628,80.0,76.35,23,13,2.04,KZ,1619798241
355,Nome,64.5011,-165.4064,15.8,73,1,5.95,US,1619798242
356,Saint-Pierre,-21.3393,55.4781,77.0,83,0,4.61,RE,1619798242
357,Winnemucca,40.973,-117.7357,55.4,38,1,4.61,US,1619798243
358,Cabedelo,-6.9811,-34.8339,77.0,100,75,13.8,BR,1619798243
359,Atar,20.5169,-13.0499,93.22,15,5,10.27,MR,1619798244
360,Maţāy,28.419,30.7792,100.31,6,0,19.71,EG,1619798245
361,San-Pédro,4.7485,-6.6363,85.95,63,86,9.31,CI,1619798246
362,Lac du Bonnet,50.2536,-96.0612,48.0,74,96,3.0,CA,1619798246
363,Burnie,-41.0667,145.9167,54.0,92,19,1.99,AU,1619798248
364,Douala,4.0483,9.7043,89.6,66,40,11.5,CM,1619798042
365,Chake Chake,-5.2459,39.7666,78.26,83,100,8.46,TZ,1619798248
366,Bambanglipuro,-7.95,110.2833,77.4,89,68,4.14,ID,1619798249
367,Vilhena,-12.7406,-60.1458,80.91,46,33,5.26,BR,1619798129
368,Umluj,25.0213,37.2685,83.34,61,4,5.77,SA,1619798250
369,Asău,46.4333,26.4,75.2,38,40,8.05,RO,1619798250
370,Khuzhir,53.1939,107.3397,28.45,81,99,7.02,RU,1619798252
371,Ṭikāpur,28.5,81.1333,84.0,72,28,3.0,NP,1619798252
372,Chul'man,56.8479,124.9104,27.77,98,100,2.1,RU,1619798253
373,Hanzhong,33.0728,107.0303,66.11,61,0,1.52,CN,1619798254
374,Nioro,13.35,-15.75,102.81,14,18,7.31,GM,1619798254
375,Kamenka,51.3223,42.7678,49.68,80,100,13.22,RU,1619798255
376,Sierra Vista,31.5545,-110.3037,64.99,33,1,12.66,US,1619798255
377,Shelburne,44.0787,-80.2041,43.0,95,83,24.58,CA,1619798256
378,São Miguel do Araguaia,-13.275,-50.1628,84.34,59,100,5.23,BR,1619798258
379,Nanticoke,41.2054,-76.0049,60.01,79,51,3.0,US,1619798111
380,Catalina Foothills,32.2979,-110.9187,79.0,22,0,10.0,US,1619798260
381,Coolum Beach,-26.5333,153.1,64.0,99,100,3.0,AU,1619798261
382,Kuril'sk,45.2333,147.8833,35.65,93,100,13.98,RU,1619798263
383,Phan Thiet,10.9333,108.1,79.72,83,75,8.37,VN,1619798265
384,Hanyang,32.1371,105.5126,63.77,62,26,3.06,CN,1619798265
385,Jinchang,38.4953,102.1739,66.31,16,0,8.66,CN,1619798266
386,Idlib,35.9306,36.6339,78.8,36,0,19.57,SY,1619798267
387,Mount Isa,-20.7333,139.5,66.2,39,0,5.75,AU,1619798268
388,Messina,38.1933,15.5497,72.0,60,0,5.75,IT,1619798269
389,Lindi,-10.0,39.7167,82.4,78,20,10.36,TZ,1619798269
390,Hervey Bay,-25.2986,152.8535,64.99,92,100,1.01,AU,1619798270
391,Soe,-9.8607,124.284,66.94,91,77,4.63,ID,1619798270
392,Zlatibor,43.7168,19.7,71.6,33,0,8.05,RS,1619798272
393,Novopskov,49.5464,39.0899,57.31,85,79,9.73,UA,1619798274
394,Chincha Alta,-13.4099,-76.1323,71.01,78,7,8.05,PE,1619798236
395,Sola,-13.8833,167.55,81.16,74,100,19.1,VU,1619798275
396,Eston,51.1501,-108.7514,62.6,41,75,10.36,CA,1619798277
397,Belmonte,-15.8631,-38.8828,78.8,73,75,6.91,BR,1619798277
398,Brewster,41.3973,-73.6171,64.0,48,90,16.11,US,1619798278
399,Limoeiro do Ajuru,-1.8953,-49.3806,78.44,83,95,3.15,BR,1619798279
400,Nueva Gerona,21.8833,-82.8,85.93,55,1,10.74,CU,1619798279
401,Glendive,47.1053,-104.7125,59.0,47,1,10.36,US,1619798280
402,Gornopravdinsk,60.05,69.9,37.67,75,79,9.4,RU,1619798280
403,Severo-Yeniseyskiy,60.3725,93.0408,33.3,96,95,9.55,RU,1619798281
404,Praia,14.9215,-23.5087,78.8,53,75,20.71,CV,1619798281
405,Barcelos,41.5388,-8.6151,62.01,63,20,17.27,PT,1619798282
406,Te Anau,-45.4167,167.7167,39.94,93,24,1.32,NZ,1619798283
407,Alenquer,-1.9417,-54.7383,82.4,83,20,6.91,BR,1619798283
408,Krasnaya Gora,52.9995,31.6023,57.2,82,90,11.18,RU,1619798284
409,Pandamatenga,-18.5278,25.627,71.55,61,81,5.21,BW,1619798284
410,Yershov,51.3513,48.2766,54.23,51,96,8.39,RU,1619798285
411,Leningradskiy,69.3833,178.4167,12.9,93,90,15.39,RU,1619798285
412,Innisfail,-17.5333,146.0333,68.14,90,18,5.5,AU,1619798286
413,Flinders,-34.5833,150.8552,60.01,89,11,1.01,AU,1619798287
414,Lavrentiya,65.5833,-171.0,11.25,92,28,5.39,RU,1619798287
415,Escanaba,45.7453,-87.0646,46.0,42,75,17.27,US,1619798288
416,Morro Bay,35.3658,-120.8499,64.0,87,20,3.44,US,1619798289
417,Coahuayana Viejo,18.7333,-103.6833,64.4,82,90,4.61,MX,1619798290
418,Kenora,49.8167,-94.4337,39.2,38,20,3.44,CA,1619798290
419,Eldorado,-23.7869,-54.2836,79.29,31,2,10.58,BR,1619798291
420,Port Blair,11.6667,92.75,82.47,72,100,2.28,IN,1619798291
421,Vila Franca do Campo,37.7167,-25.4333,60.8,72,75,14.97,PT,1619798292
422,Kodinsk,58.6881,99.1844,34.5,94,76,6.24,RU,1619798292
423,Lüderitz,-26.6481,15.1594,68.13,49,0,26.51,NA,1619798293
424,Dakoro,14.5106,6.765,104.9,3,5,10.42,NE,1619798294
425,Majene,-3.5403,118.9707,77.86,87,97,3.96,ID,1619798295
426,Morón,-34.6534,-58.6198,72.0,58,0,5.99,AR,1619798295
427,Vardø,70.3705,31.1107,26.6,68,20,20.71,NO,1619798295
428,Anadyr,64.75,177.4833,17.6,86,75,8.95,RU,1619798015
429,Bonthe,7.5264,-12.505,87.75,60,96,13.73,SL,1619798296
430,Xining,36.6167,101.7667,55.89,21,1,1.3,CN,1619798296
431,Kampong Thom,12.7111,104.8887,80.22,81,94,7.45,KH,1619798297
432,Mogapi,-22.323,27.8349,70.95,60,46,4.88,BW,1619798297
433,San Benedetto del Tronto,42.9456,13.8816,70.0,61,16,5.99,IT,1619798298
434,Lata,40.1629,-8.3327,62.6,48,40,16.11,PT,1619798299
435,Lodwar,3.1191,35.5973,93.22,24,8,8.57,KE,1619798299
436,Blăgeşti,46.6833,26.65,75.2,38,40,8.05,RO,1619798300
437,Yagodnoye,62.55,149.6667,25.56,96,100,0.96,RU,1619798301
438,Laguna,38.421,-121.4238,66.0,55,75,8.05,US,1619798301
439,Rushden,52.2914,-0.5992,55.0,32,93,1.01,GB,1619798302
440,Lokvine,44.2047,17.8564,75.2,31,40,6.91,BA,1619798302
441,Sisimiut,66.9395,-53.6735,39.42,69,42,5.41,GL,1619798303
442,Williams Lake,52.1415,-122.1445,54.0,57,75,3.78,CA,1619798304
443,Kirakira,-10.4544,161.9205,78.46,87,100,7.18,SB,1619798304
444,Batagay-Alyta,67.8006,130.4114,18.61,99,78,3.09,RU,1619798305
445,Paamiut,61.994,-49.6678,38.32,77,3,9.26,GL,1619798169
446,Vallenar,-28.5708,-70.7581,70.48,41,31,4.43,CL,1619798306
447,Hambantota,6.1241,81.1185,78.8,100,75,2.3,LK,1619798306
448,Auch,43.65,0.5833,57.0,69,100,4.0,FR,1619798307
449,Luanda,-8.8368,13.2343,80.6,83,20,8.05,AO,1619798264
450,Westport,41.1415,-73.3579,64.0,50,64,1.99,US,1619798307
451,Minot,48.2325,-101.2963,48.2,37,90,13.8,US,1619798308
452,Kadayanallur,9.0833,77.35,82.65,75,89,2.82,IN,1619798308
453,Dorado,18.4588,-66.2677,82.4,69,40,17.27,PR,1619798309
454,Gatak,-7.5908,110.7044,75.33,92,60,4.05,ID,1619798310
455,Haines Junction,60.7522,-137.5108,35.6,75,100,1.14,CA,1619798311
456,Mumford,5.2618,-0.759,84.85,66,100,11.34,GH,1619798312
457,Raudeberg,61.9875,5.1352,45.0,60,10,20.6,NO,1619798312
458,Jensen Beach,27.2545,-80.2298,88.0,51,75,9.22,US,1619798092
459,Pacifica,37.6138,-122.4869,57.0,71,75,9.22,US,1619798313
460,Salalah,17.0151,54.0924,84.2,79,75,9.22,OM,1619798313
461,San Policarpo,12.1791,125.5072,79.56,76,22,4.14,PH,1619798314
462,Praia da Vitória,38.7333,-27.0667,62.6,94,20,1.57,PT,1619798315
463,Lobito,-12.3481,13.5456,82.51,74,96,7.52,AO,1619798315
464,Philadelphia,39.9523,-75.1638,66.0,45,75,18.41,US,1619798116
465,Wanaka,-44.7,169.15,45.82,87,87,0.85,NZ,1619798316
466,Gaza,31.5,34.4667,81.0,45,1,11.7,PS,1619798316
467,Port Shepstone,-30.7414,30.455,64.04,79,100,20.4,ZA,1619798317
468,Yeppoon,-23.1333,150.7333,66.2,77,75,6.91,AU,1619798317
469,Dalton,34.7698,-84.9702,69.01,56,1,10.36,US,1619798054
470,Trincomalee,8.5711,81.2335,84.45,71,27,4.94,LK,1619798318
471,San Vicente,-26.6167,-54.1333,75.74,29,1,4.56,AR,1619798319
472,College,64.8569,-147.8028,30.2,69,90,6.91,US,1619798191
473,Tazovsky,67.4667,78.7,31.89,95,100,10.42,RU,1619798320
474,Mandalī,33.7499,45.5541,90.86,15,7,10.29,IQ,1619798320
475,Mozarlândia,-14.7447,-50.5706,87.8,45,97,7.52,BR,1619798321
476,Xiongzhou,25.1167,114.3,67.55,74,56,3.15,CN,1619798321
477,Voh,-20.9667,164.7,69.75,75,80,4.88,NC,1619798321
478,Krujë,41.5092,19.7928,77.0,50,0,11.5,AL,1619798174
479,Moerai,-22.4333,-151.3333,77.41,85,98,15.84,PF,1619798322
480,Sept-Îles,50.2001,-66.3821,46.99,76,90,11.5,CA,1619798323
481,Turukhansk,65.8167,87.9833,36.88,78,100,15.61,RU,1619798323
482,Corrales,35.2378,-106.6067,64.0,33,0,0.69,US,1619798324
483,Meadow Lake,34.8014,-106.5436,66.0,33,1,11.5,US,1619798324
484,Portland,45.5234,-122.6762,57.0,71,75,6.91,US,1619798131
485,Kattivākkam,13.2167,80.3167,86.0,79,40,6.91,IN,1619798325
486,Puerto Suárez,-18.95,-57.8,80.6,69,15,3.44,BO,1619798326
487,Inta,66.0317,60.1659,32.5,74,63,10.31,RU,1619798326
488,Yei,4.095,30.6779,75.2,75,82,4.41,SS,1619798327
489,Kedrovyy,56.1667,91.8167,37.4,70,0,6.71,RU,1619798328
490,Akivīdu,16.6,81.3833,86.0,70,40,3.44,IN,1619798328
491,Soldotna,60.4878,-151.0583,35.6,93,90,5.32,US,1619798329
492,Saint-Joseph,-21.3667,55.6167,77.0,83,0,4.61,RE,1619798329
493,Evensk,61.95,159.2333,23.45,79,19,10.25,RU,1619798330
494,Spirit River,55.7833,-118.8361,55.0,54,0,25.32,CA,1619798331
495,Mount Gambier,-37.8333,140.7667,59.0,51,99,9.22,AU,1619798333
496,Presidencia Roque Sáenz Peña,-26.7852,-60.4388,78.01,48,0,3.0,AR,1619798335
497,Salvacion,7.9833,126.1333,72.66,94,82,0.69,PH,1619798337
498,Cravo Norte,6.3017,-70.2041,72.81,91,100,3.74,CO,1619798339
499,Pervomayskoye,43.919,46.7102,57.33,70,0,14.97,RU,1619798340
500,Wad Rāwah,15.1603,33.1397,98.69,15,94,5.99,SD,1619798342
501,Itanhém,-17.1664,-40.33,78.24,65,98,12.19,BR,1619798344
502,Kuznechnoye,61.12,29.8686,44.01,46,56,3.29,RU,1619798346
503,Khani,41.9563,42.9566,59.0,82,75,14.97,GE,1619798348
504,Balikpapan,-1.2675,116.8289,76.77,86,100,1.74,ID,1619798350
505,Kailua,21.4022,-157.7394,73.4,73,20,8.05,US,1619798352
506,Grand Gaube,-20.0064,57.6608,78.01,82,9,7.0,MU,1619798354
507,Erzin,36.9559,36.2,72.0,69,5,5.99,TR,1619798356
508,Mandalgovi,45.7625,106.2708,39.42,52,54,5.3,MN,1619798356
509,Giżycko,54.0381,21.7644,47.01,85,93,10.56,PL,1619798358
510,Tairua,-37.0167,175.85,57.99,88,94,3.0,NZ,1619798360
511,Doha,25.2867,51.5333,89.01,42,0,2.3,QA,1619798361
512,Bahía Blanca,-38.7196,-62.2724,73.72,34,0,17.76,AR,1619798363
513,Henties Bay,-22.116,14.2845,62.01,82,0,5.99,NA,1619798365
514,Karpathos,35.507,27.2132,75.2,69,0,1.21,GR,1619798365
515,Erenhot,43.6475,111.9767,43.29,23,0,10.18,CN,1619798366
516,Atbasar,51.8,68.3333,49.93,46,45,10.07,KZ,1619798366
517,Bukama,-9.2,25.85,77.79,81,76,2.64,CD,1619798168
518,Liptovský Hrádok,49.0396,19.7234,63.0,48,20,11.5,SK,1619798367
519,Les Cayes,18.2,-73.75,83.57,61,27,9.08,HT,1619798367
520,Kurush,41.2841,47.8345,71.6,53,20,6.91,RU,1619798368
521,Hauterive,46.0901,3.4459,55.4,71,75,6.91,FR,1619798369
522,Bluffton,32.2371,-80.8604,82.99,54,1,6.91,US,1619798244
523,Esso,55.9333,158.7,31.01,94,96,2.71,RU,1619798369
524,Neuquén,-38.9516,-68.0591,60.8,63,0,8.05,AR,1619798357
525,Ayan,56.45,138.1667,30.33,97,100,14.23,RU,1619798370
526,Maumere,-8.6199,122.2111,79.9,81,47,2.46,ID,1619798370
527,Ambilobe,-13.2,49.05,76.48,88,50,2.15,MG,1619798371
528,Lavras,-21.2453,-44.9997,72.41,48,68,8.68,BR,1619798120
529,South Kazakhstan Region,43.0,68.0,61.27,56,2,13.15,KZ,1619798372
530,Mae Sai,20.4335,99.8762,75.2,100,20,2.3,TH,1619798372
531,Rameswaram,9.2833,79.3,86.09,72,3,14.54,IN,1619798373
532,Fort Carson,38.7375,-104.7889,68.0,31,1,4.09,US,1619798373
533,Douentza,14.9951,-2.9517,107.83,10,26,6.26,ML,1619798374
534,Beringovskiy,63.05,179.3167,19.11,87,81,5.95,RU,1619798374
535,Yumen,40.2833,97.2,68.49,9,56,9.8,CN,1619798375
536,Olinda,-8.0089,-34.8553,77.0,83,75,11.5,BR,1619798376
537,Ivankiv,50.9386,29.8943,62.6,82,100,4.47,UA,1619798376
538,Ol'ga,43.7444,135.2892,36.21,92,38,4.14,RU,1619798377
539,Pacific Grove,36.6177,-121.9166,55.4,76,20,4.61,US,1619798378
540,La Rioja,42.25,-2.5,53.6,71,75,8.05,ES,1619798378
541,Kholmsk,47.0511,142.0569,32.0,100,75,29.08,RU,1619798379
542,Soure,-0.7167,-48.5233,80.65,77,83,6.6,BR,1619798379
543,Isla Mujeres,21.2311,-86.731,84.2,65,40,17.27,MX,1619798380
544,Lashio,22.9333,97.75,67.37,84,67,1.48,MM,1619798381
545,Reporoa,-38.4333,176.35,53.01,86,47,1.01,NZ,1619798383
546,Port Hardy,50.6996,-127.4199,48.2,100,75,4.61,CA,1619798383
547,Nizwá,22.9333,57.5333,78.73,41,69,3.91,OM,1619798384
548,Cap Malheureux,-19.9842,57.6142,78.01,82,10,7.0,MU,1619798385
549,Bubaque,11.2833,-15.8333,79.39,67,64,19.73,GW,1619798385
550,Ugoofaaru,5.6667,73.0,84.15,72,65,5.17,MV,1619798385
551,Luau,-10.7073,22.2247,71.37,83,93,0.45,AO,1619798386
552,Pueblo Nuevo,23.3833,-105.3833,66.52,22,0,6.06,MX,1619798386
553,Jizan,17.3333,42.6667,89.6,62,20,12.66,SA,1619798360
554,Marsh Harbour,26.5412,-77.0636,78.94,67,8,11.23,BS,1619798387
555,Ust'-Ilimsk,58.0006,102.6619,35.91,98,100,6.08,RU,1619798388
556,Hay River,60.8156,-115.7999,33.8,100,90,4.61,CA,1619798388
557,Acapulco de Juárez,16.8634,-99.8901,80.6,74,75,6.91,MX,1619798352
558,Orikum,40.3253,19.4714,72.54,57,75,18.1,AL,1619798389
559,Kyrylivka,46.3759,35.3675,55.76,83,74,5.86,UA,1619798389
560,Port Hedland,-20.3167,118.5667,73.4,83,0,3.44,AU,1619798390
561,Dombarovskiy,50.7587,59.5386,49.84,51,31,7.02,RU,1619798391
562,Yangi Marg`ilon,40.4272,71.7189,75.2,27,82,18.41,UZ,1619798391
563,Verkh-Chebula,56.0308,87.6218,43.61,71,24,7.16,RU,1619798392
